{
  "info": {
    "name": "Rojgari Backend API - Complete Collection",
    "description": "Complete API collection for Rojgari India Backend with Candidate Profile Management, File Upload/Download, and Lookup APIs",
    "schema": "https://schema.getpostman.com/json/collection/v2.1.0/collection.json",
    "version": "1.0.0"
  },
  "item": [
    {
      "name": "Health Check",
      "item": [
        {
          "name": "Health Check",
          "request": {
            "method": "GET",
            "header": [],
            "url": {
              "raw": "{{base_url}}/api/health",
              "host": ["{{base_url}}"],
              "path": ["api", "health"]
            },
            "description": "Check if API is running"
          },
          "response": []
        }
      ]
    },
    {
      "name": "Candidate Profile",
      "item": [
        {
          "name": "Get All Profiles (Paginated)",
          "request": {
            "method": "GET",
            "header": [],
            "url": {
              "raw": "{{base_url}}/api/candidate-profile?page=1&limit=10",
              "host": ["{{base_url}}"],
              "path": ["api", "candidate-profile"],
              "query": [
                {
                  "key": "page",
                  "value": "1",
                  "description": "Page number (default: 1)"
                },
                {
                  "key": "limit",
                  "value": "10",
                  "description": "Items per page (default: 10)"
                }
              ]
            },
            "description": "Get all candidate profiles with pagination"
          },
          "response": []
        },
        {
          "name": "Get Profile by ID",
          "request": {
            "method": "GET",
            "header": [],
            "url": {
              "raw": "{{base_url}}/api/candidate-profile/1",
              "host": ["{{base_url}}"],
              "path": ["api", "candidate-profile", "1"]
            },
            "description": "Get single candidate profile with work experience and skills"
          },
          "response": []
        },
        {
          "name": "Create Profile",
          "request": {
            "method": "POST",
            "header": [
              {
                "key": "Content-Type",
                "value": "application/json"
              }
            ],
            "body": {
              "mode": "raw",
              "raw": "{\n  \"full_name\": \"John\",\n  \"surname\": \"Doe\",\n  \"email\": \"john.doe@example.com\",\n  \"mobile_number\": \"9876543210\",\n  \"gender\": \"Male\",\n  \"date_of_birth\": \"1995-05-15\",\n  \"address\": \"123 Main Street\",\n  \"country\": \"India\",\n  \"state\": \"Maharashtra\",\n  \"city\": \"Mumbai\",\n  \"position\": \"Software Developer\",\n  \"experienced\": true,\n  \"fresher\": false,\n  \"expected_salary\": \"800000\",\n  \"job_category\": \"IT/Software\",\n  \"current_location\": \"Mumbai\",\n  \"interview_availability\": \"Immediate\",\n  \"availability_start\": \"2024-01-01\",\n  \"availability_end\": \"2024-12-31\",\n  \"preferred_shift\": \"Day\",\n  \"work_experience\": [\n    {\n      \"position\": \"Senior Developer\",\n      \"company\": \"Tech Corp\",\n      \"start_date\": \"2020-01-01\",\n      \"end_date\": null,\n      \"salary_period\": \"Monthly\",\n      \"is_current\": true\n    },\n    {\n      \"position\": \"Junior Developer\",\n      \"company\": \"StartupXYZ\",\n      \"start_date\": \"2018-06-01\",\n      \"end_date\": \"2019-12-31\",\n      \"salary_period\": \"Monthly\",\n      \"is_current\": false\n    }\n  ],\n  \"skills\": [\n    {\n      \"skill_name\": \"JavaScript\",\n      \"years_of_experience\": \"5\"\n    },\n    {\n      \"skill_name\": \"TypeScript\",\n      \"years_of_experience\": \"3\"\n    },\n    {\n      \"skill_name\": \"Node.js\",\n      \"years_of_experience\": \"4\"\n    }\n  ]\n}"
            },
            "url": {
              "raw": "{{base_url}}/api/candidate-profile",
              "host": ["{{base_url}}"],
              "path": ["api", "candidate-profile"]
            },
            "description": "Create new candidate profile with work experience and skills"
          },
          "response": []
        },
        {
          "name": "Update Profile",
          "request": {
            "method": "PUT",
            "header": [
              {
                "key": "Content-Type",
                "value": "application/json"
              }
            ],
            "body": {
              "mode": "raw",
              "raw": "{\n  \"full_name\": \"John Updated\",\n  \"position\": \"Senior Software Developer\",\n  \"expected_salary\": \"1000000\",\n  \"current_location\": \"Pune\"\n}"
            },
            "url": {
              "raw": "{{base_url}}/api/candidate-profile/1",
              "host": ["{{base_url}}"],
              "path": ["api", "candidate-profile", "1"]
            },
            "description": "Update candidate profile (partial update supported)"
          },
          "response": []
        },
        {
          "name": "Delete Profile",
          "request": {
            "method": "DELETE",
            "header": [],
            "url": {
              "raw": "{{base_url}}/api/candidate-profile/1",
              "host": ["{{base_url}}"],
              "path": ["api", "candidate-profile", "1"]
            },
            "description": "Delete candidate profile (cascade delete work experience and skills)"
          },
          "response": []
        }
      ]
    },
    {
      "name": "File Upload & Download",
      "item": [
        {
          "name": "Get Document URLs",
          "request": {
            "method": "GET",
            "header": [],
            "url": {
              "raw": "{{base_url}}/api/candidate-profile/1/documents",
              "host": ["{{base_url}}"],
              "path": ["api", "candidate-profile", "1", "documents"]
            },
            "description": "Get profile photo and resume URLs with metadata"
          },
          "response": []
        },
        {
          "name": "Upload Profile Photo Only",
          "request": {
            "method": "POST",
            "header": [],
            "body": {
              "mode": "formdata",
              "formdata": [
                {
                  "key": "profile_photo",
                  "type": "file",
                  "src": "/path/to/photo.jpg",
                  "description": "Profile photo (Max: 5MB, Types: jpg, png, gif, webp)"
                }
              ]
            },
            "url": {
              "raw": "{{base_url}}/api/candidate-profile/1/upload",
              "host": ["{{base_url}}"],
              "path": ["api", "candidate-profile", "1", "upload"]
            },
            "description": "Upload only profile photo. Image processed in worker thread (non-blocking). Max: 5MB"
          },
          "response": []
        },
        {
          "name": "Upload Resume Only",
          "request": {
            "method": "POST",
            "header": [],
            "body": {
              "mode": "formdata",
              "formdata": [
                {
                  "key": "resume",
                  "type": "file",
                  "src": "/path/to/resume.pdf",
                  "description": "Resume (Max: 10MB, Types: pdf, doc, docx)"
                }
              ]
            },
            "url": {
              "raw": "{{base_url}}/api/candidate-profile/1/upload",
              "host": ["{{base_url}}"],
              "path": ["api", "candidate-profile", "1", "upload"]
            },
            "description": "Upload only resume. Document processed in worker thread (non-blocking). Max: 10MB"
          },
          "response": []
        },
        {
          "name": "Upload Both Files",
          "request": {
            "method": "POST",
            "header": [],
            "body": {
              "mode": "formdata",
              "formdata": [
                {
                  "key": "profile_photo",
                  "type": "file",
                  "src": "/path/to/photo.jpg",
                  "description": "Profile photo (Max: 5MB)"
                },
                {
                  "key": "resume",
                  "type": "file",
                  "src": "/path/to/resume.pdf",
                  "description": "Resume (Max: 10MB)"
                }
              ]
            },
            "url": {
              "raw": "{{base_url}}/api/candidate-profile/1/upload",
              "host": ["{{base_url}}"],
              "path": ["api", "candidate-profile", "1", "upload"]
            },
            "description": "Upload both profile photo and resume. Both processed in separate worker threads (non-blocking, parallel processing)"
          },
          "response": []
        },
        {
          "name": "Download Profile Photo (Streaming)",
          "request": {
            "method": "GET",
            "header": [],
            "url": {
              "raw": "{{base_url}}/api/candidate-profile/1/download/photo",
              "host": ["{{base_url}}"],
              "path": ["api", "candidate-profile", "1", "download", "photo"]
            },
            "description": "Download profile photo with streaming (64KB chunks, non-blocking)"
          },
          "response": []
        },
        {
          "name": "Download Resume (Streaming)",
          "request": {
            "method": "GET",
            "header": [],
            "url": {
              "raw": "{{base_url}}/api/candidate-profile/1/download/resume",
              "host": ["{{base_url}}"],
              "path": ["api", "candidate-profile", "1", "download", "resume"]
            },
            "description": "Download resume with streaming (64KB chunks, non-blocking)"
          },
          "response": []
        }
      ]
    },
    {
      "name": "Lookup APIs",
      "item": [
        {
          "name": "Get All Countries",
          "request": {
            "method": "GET",
            "header": [],
            "url": {
              "raw": "{{base_url}}/api/lookup/countries",
              "host": ["{{base_url}}"],
              "path": ["api", "lookup", "countries"]
            },
            "description": "Get list of all countries"
          },
          "response": []
        },
        {
          "name": "Get States by Country",
          "request": {
            "method": "GET",
            "header": [],
            "url": {
              "raw": "{{base_url}}/api/lookup/states?country_id=1",
              "host": ["{{base_url}}"],
              "path": ["api", "lookup", "states"],
              "query": [
                {
                  "key": "country_id",
                  "value": "1",
                  "description": "Country ID"
                }
              ]
            },
            "description": "Get states for a specific country"
          },
          "response": []
        },
        {
          "name": "Get Cities by State",
          "request": {
            "method": "GET",
            "header": [],
            "url": {
              "raw": "{{base_url}}/api/lookup/cities?state_id=1",
              "host": ["{{base_url}}"],
              "path": ["api", "lookup", "cities"],
              "query": [
                {
                  "key": "state_id",
                  "value": "1",
                  "description": "State ID"
                }
              ]
            },
            "description": "Get cities for a specific state"
          },
          "response": []
        }
      ]
    },
    {
      "name": "Test Scenarios",
      "item": [
        {
          "name": "Test: Create Profile with Empty Email (Error)",
          "request": {
            "method": "POST",
            "header": [
              {
                "key": "Content-Type",
                "value": "application/json"
              }
            ],
            "body": {
              "mode": "raw",
              "raw": "{\n  \"full_name\": \"Test User\",\n  \"email\": \"\",\n  \"mobile_number\": \"9876543210\"\n}"
            },
            "url": {
              "raw": "{{base_url}}/api/candidate-profile",
              "host": ["{{base_url}}"],
              "path": ["api", "candidate-profile"]
            },
            "description": "Should return validation error"
          },
          "response": []
        },
        {
          "name": "Test: Duplicate Email (409 Conflict)",
          "request": {
            "method": "POST",
            "header": [
              {
                "key": "Content-Type",
                "value": "application/json"
              }
            ],
            "body": {
              "mode": "raw",
              "raw": "{\n  \"full_name\": \"Duplicate User\",\n  \"surname\": \"Test\",\n  \"email\": \"john.doe@example.com\",\n  \"mobile_number\": \"9876543210\",\n  \"gender\": \"Male\"\n}"
            },
            "url": {
              "raw": "{{base_url}}/api/candidate-profile",
              "host": ["{{base_url}}"],
              "path": ["api", "candidate-profile"]
            },
            "description": "Should return 409 Conflict if email already exists"
          },
          "response": []
        },
        {
          "name": "Test: Upload Oversized Photo (Error)",
          "request": {
            "method": "POST",
            "header": [],
            "body": {
              "mode": "formdata",
              "formdata": [
                {
                  "key": "profile_photo",
                  "type": "file",
                  "src": "/path/to/large-photo.jpg",
                  "description": "Upload file > 5MB to test size limit"
                }
              ]
            },
            "url": {
              "raw": "{{base_url}}/api/candidate-profile/1/upload",
              "host": ["{{base_url}}"],
              "path": ["api", "candidate-profile", "1", "upload"]
            },
            "description": "Should return 400 Bad Request with size limit error"
          },
          "response": []
        },
        {
          "name": "Test: Upload Invalid File Type (Error)",
          "request": {
            "method": "POST",
            "header": [],
            "body": {
              "mode": "formdata",
              "formdata": [
                {
                  "key": "profile_photo",
                  "type": "file",
                  "src": "/path/to/document.txt",
                  "description": "Upload .txt file as photo"
                }
              ]
            },
            "url": {
              "raw": "{{base_url}}/api/candidate-profile/1/upload",
              "host": ["{{base_url}}"],
              "path": ["api", "candidate-profile", "1", "upload"]
            },
            "description": "Should return 400 Bad Request with file type error"
          },
          "response": []
        },
        {
          "name": "Test: Get Non-Existent Profile (404)",
          "request": {
            "method": "GET",
            "header": [],
            "url": {
              "raw": "{{base_url}}/api/candidate-profile/999999",
              "host": ["{{base_url}}"],
              "path": ["api", "candidate-profile", "999999"]
            },
            "description": "Should return 404 Not Found"
          },
          "response": []
        },
        {
          "name": "Test: Upload Without Files (Error)",
          "request": {
            "method": "POST",
            "header": [],
            "body": {
              "mode": "formdata",
              "formdata": []
            },
            "url": {
              "raw": "{{base_url}}/api/candidate-profile/1/upload",
              "host": ["{{base_url}}"],
              "path": ["api", "candidate-profile", "1", "upload"]
            },
            "description": "Should return 400 Bad Request - No file provided"
          },
          "response": []
        }
      ]
    }
  ],
  "variable": [
    {
      "key": "base_url",
      "value": "http://localhost:3000",
      "type": "string"
    }
  ]
}
