{
  "info": {
    "name": "Rojgari Backend API - Complete Collection v2.0",
    "description": "Complete API collection for Rojgari India Backend with OTP Authentication, Candidate Profile Management (with Frontend Field Support), File Upload/Download, and Lookup APIs",
    "schema": "https://schema.getpostman.com/json/collection/v2.1.0/collection.json",
    "version": "2.0.0"
  },
  "variable": [
    {
      "key": "base_url",
      "value": "http://localhost:5000",
      "type": "string"
    },
    {
      "key": "candidate_uuid",
      "value": "",
      "type": "string"
    }
  ],
  "item": [
    {
      "name": "1. Authentication (OTP)",
      "item": [
        {
          "name": "Send OTP",
          "event": [
            {
              "listen": "test",
              "script": {
                "exec": [
                  "// Test response status",
                  "pm.test(\"Status code is 200\", function () {",
                  "    pm.response.to.have.status(200);",
                  "});",
                  "",
                  "// Test response structure",
                  "pm.test(\"Response has success true\", function () {",
                  "    var jsonData = pm.response.json();",
                  "    pm.expect(jsonData.success).to.be.true;",
                  "});"
                ],
                "type": "text/javascript"
              }
            }
          ],
          "request": {
            "method": "POST",
            "header": [
              {
                "key": "Content-Type",
                "value": "application/json"
              }
            ],
            "body": {
              "mode": "raw",
              "raw": "{\n  \"email\": \"user@example.com\"\n}"
            },
            "url": {
              "raw": "{{base_url}}/api/otp/send-otp",
              "host": ["{{base_url}}"],
              "path": ["api", "otp", "send-otp"]
            },
            "description": "Send 6-digit OTP to user's email. OTP expires in 10 minutes. Rate limited to 5 requests per 15 minutes per email."
          },
          "response": []
        },
        {
          "name": "Verify OTP",
          "event": [
            {
              "listen": "test",
              "script": {
                "exec": [
                  "// Test response status",
                  "pm.test(\"Status code is 200\", function () {",
                  "    pm.response.to.have.status(200);",
                  "});",
                  "",
                  "// Test response structure",
                  "pm.test(\"Response has success true\", function () {",
                  "    var jsonData = pm.response.json();",
                  "    pm.expect(jsonData.success).to.be.true;",
                  "});"
                ],
                "type": "text/javascript"
              }
            }
          ],
          "request": {
            "method": "POST",
            "header": [
              {
                "key": "Content-Type",
                "value": "application/json"
              }
            ],
            "body": {
              "mode": "raw",
              "raw": "{\n  \"email\": \"user@example.com\",\n  \"otp\": \"123456\"\n}"
            },
            "url": {
              "raw": "{{base_url}}/api/otp/verify-otp",
              "host": ["{{base_url}}"],
              "path": ["api", "otp", "verify-otp"]
            },
            "description": "Verify the OTP sent to user's email. Maximum 5 attempts allowed."
          },
          "response": []
        }
      ]
    },
    {
      "name": "2. File Upload (Standalone)",
      "item": [
        {
          "name": "Upload Photo (Temp)",
          "event": [
            {
              "listen": "test",
              "script": {
                "exec": [
                  "// Test response status",
                  "pm.test(\"Status code is 200\", function () {",
                  "    pm.response.to.have.status(200);",
                  "});",
                  "",
                  "// Test response has photo URL",
                  "pm.test(\"Response has photoUrl\", function () {",
                  "    var jsonData = pm.response.json();",
                  "    pm.expect(jsonData.data.photoUrl).to.exist;",
                  "});"
                ],
                "type": "text/javascript"
              }
            }
          ],
          "request": {
            "method": "POST",
            "header": [],
            "body": {
              "mode": "formdata",
              "formdata": [
                {
                  "key": "photo",
                  "type": "file",
                  "src": "/path/to/photo.jpg",
                  "description": "Profile photo (JPG, PNG, WEBP - Max 5MB)"
                }
              ]
            },
            "url": {
              "raw": "{{base_url}}/api/upload-photo",
              "host": ["{{base_url}}"],
              "path": ["api", "upload-photo"]
            },
            "description": "Upload photo before profile creation. Returns temporary URL and filename. Move to permanent storage when profile is created."
          },
          "response": []
        }
      ]
    },
    {
      "name": "3. Candidate Profile (Frontend Format)",
      "item": [
        {
          "name": "Create Profile (Frontend Fields)",
          "event": [
            {
              "listen": "test",
              "script": {
                "exec": [
                  "// Test response status",
                  "pm.test(\"Status code is 201\", function () {",
                  "    pm.response.to.have.status(201);",
                  "});",
                  "",
                  "// Save candidate UUID for other requests",
                  "var jsonData = pm.response.json();",
                  "if (jsonData.data && jsonData.data.candidate_id) {",
                  "    pm.collectionVariables.set(\"candidate_uuid\", jsonData.data.candidate_id);",
                  "}"
                ],
                "type": "text/javascript"
              }
            }
          ],
          "request": {
            "method": "POST",
            "header": [
              {
                "key": "Content-Type",
                "value": "application/json"
              }
            ],
            "body": {
              "mode": "raw",
              "raw": "{\n  \"firstName\": \"Rajesh\",\n  \"surName\": \"Kumar\",\n  \"email\": \"rajesh.kumar@example.com\",\n  \"phone\": \"+919876543210\",\n  \"gender\": \"male\",\n  \"dateOfBirth\": \"1995-05-15\",\n  \"workType\": \"experienced\",\n  \"experiences\": [\n    {\n      \"position\": \"Software Engineer\",\n      \"company\": \"Tech Solutions Pvt Ltd\",\n      \"startDate\": \"2020-01-15\",\n      \"endDate\": \"2023-12-31\",\n      \"noticePeriod\": \"monthly\",\n      \"is_current\": false\n    }\n  ],\n  \"skillsList\": [\n    {\n      \"name\": \"JavaScript\",\n      \"years\": 3\n    },\n    {\n      \"name\": \"React\",\n      \"years\": 2\n    }\n  ],\n  \"educationList\": [\n    {\n      \"degree\": \"Bachelor of Technology\",\n      \"field_of_study\": \"Computer Science\",\n      \"institution\": \"IIT Delhi\",\n      \"graduation_year\": 2018\n    }\n  ],\n  \"village\": \"Chandni Chowk\",\n  \"district\": \"Central Delhi\",\n  \"city\": \"Delhi\",\n  \"state\": \"Delhi\",\n  \"pincode\": \"110006\",\n  \"availabilityJobCategory\": \"Software Development\",\n  \"availabilityCategory\": \"immediate\",\n  \"expectedSalaryRange\": \"8-12 LPA\",\n  \"joiningDate\": \"2024-02-01\",\n  \"profilePhoto\": \"temp_photo_1234567890_abc123.jpg\"\n}"
            },
            "url": {
              "raw": "{{base_url}}/api/candidate-profile",
              "host": ["{{base_url}}"],
              "path": ["api", "candidate-profile"]
            },
            "description": "Create new candidate profile using frontend field names. Backend automatically transforms fields to database schema."
          },
          "response": []
        },
        {
          "name": "Create Profile (Backend Fields)",
          "event": [
            {
              "listen": "test",
              "script": {
                "exec": [
                  "// Test response status",
                  "pm.test(\"Status code is 201\", function () {",
                  "    pm.response.to.have.status(201);",
                  "});",
                  "",
                  "// Save candidate UUID",
                  "var jsonData = pm.response.json();",
                  "if (jsonData.data && jsonData.data.candidate_id) {",
                  "    pm.collectionVariables.set(\"candidate_uuid\", jsonData.data.candidate_id);",
                  "}"
                ],
                "type": "text/javascript"
              }
            }
          ],
          "request": {
            "method": "POST",
            "header": [
              {
                "key": "Content-Type",
                "value": "application/json"
              }
            ],
            "body": {
              "mode": "raw",
              "raw": "{\n  \"full_name\": \"Priya Sharma\",\n  \"surname\": \"Sharma\",\n  \"email\": \"priya.sharma@example.com\",\n  \"mobile_number\": \"9876543211\",\n  \"gender\": \"female\",\n  \"date_of_birth\": \"1998-03-20\",\n  \"experienced\": false,\n  \"fresher\": true,\n  \"skills\": [\n    {\n      \"skill_name\": \"Python\",\n      \"years_of_experience\": 1\n    }\n  ],\n  \"education\": [\n    {\n      \"degree\": \"Bachelor of Science\",\n      \"field_of_study\": \"Mathematics\",\n      \"institution\": \"Delhi University\",\n      \"graduation_year\": 2023\n    }\n  ],\n  \"address\": \"Connaught Place, New Delhi\",\n  \"city\": \"Delhi\",\n  \"state\": \"Delhi\",\n  \"pincode\": \"110001\"\n}"
            },
            "url": {
              "raw": "{{base_url}}/api/candidate-profile",
              "host": ["{{base_url}}"],
              "path": ["api", "candidate-profile"]
            },
            "description": "Create new candidate profile using backend field names (also supported for backward compatibility)."
          },
          "response": []
        },
        {
          "name": "Get All Profiles (Paginated)",
          "request": {
            "method": "GET",
            "header": [],
            "url": {
              "raw": "{{base_url}}/api/candidate-profile?page=1&limit=10",
              "host": ["{{base_url}}"],
              "path": ["api", "candidate-profile"],
              "query": [
                {
                  "key": "page",
                  "value": "1",
                  "description": "Page number (default: 1)"
                },
                {
                  "key": "limit",
                  "value": "10",
                  "description": "Items per page (default: 10)"
                }
              ]
            },
            "description": "Get all candidate profiles with pagination"
          },
          "response": []
        },
        {
          "name": "Get Profile by UUID",
          "request": {
            "method": "GET",
            "header": [],
            "url": {
              "raw": "{{base_url}}/api/candidate-profile/{{candidate_uuid}}",
              "host": ["{{base_url}}"],
              "path": ["api", "candidate-profile", "{{candidate_uuid}}"]
            },
            "description": "Get single candidate profile by UUID"
          },
          "response": []
        },
        {
          "name": "Update Profile (Frontend Fields)",
          "request": {
            "method": "PUT",
            "header": [
              {
                "key": "Content-Type",
                "value": "application/json"
              }
            ],
            "body": {
              "mode": "raw",
              "raw": "{\n  \"firstName\": \"Rajesh Updated\",\n  \"phone\": \"+919876543299\",\n  \"workType\": \"fresher\",\n  \"expectedSalaryRange\": \"10-15 LPA\"\n}"
            },
            "url": {
              "raw": "{{base_url}}/api/candidate-profile/{{candidate_uuid}}",
              "host": ["{{base_url}}"],
              "path": ["api", "candidate-profile", "{{candidate_uuid}}"]
            },
            "description": "Update candidate profile using frontend field names"
          },
          "response": []
        },
        {
          "name": "Delete Profile",
          "request": {
            "method": "DELETE",
            "header": [],
            "url": {
              "raw": "{{base_url}}/api/candidate-profile/{{candidate_uuid}}",
              "host": ["{{base_url}}"],
              "path": ["api", "candidate-profile", "{{candidate_uuid}}"]
            },
            "description": "Delete candidate profile by UUID"
          },
          "response": []
        },
        {
          "name": "Upload Profile Photo",
          "event": [
            {
              "listen": "test",
              "script": {
                "exec": [
                  "pm.test(\"Status code is 200\", function () {",
                  "    pm.response.to.have.status(200);",
                  "});"
                ],
                "type": "text/javascript"
              }
            }
          ],
          "request": {
            "method": "POST",
            "header": [],
            "body": {
              "mode": "formdata",
              "formdata": [
                {
                  "key": "profile_photo",
                  "type": "file",
                  "src": "/path/to/photo.jpg",
                  "description": "Profile photo file"
                }
              ]
            },
            "url": {
              "raw": "{{base_url}}/api/candidate-profile/{{candidate_uuid}}/photo",
              "host": ["{{base_url}}"],
              "path": ["api", "candidate-profile", "{{candidate_uuid}}", "photo"]
            },
            "description": "Upload profile photo for existing candidate (Max 5MB, JPG/PNG/WEBP)"
          },
          "response": []
        },
        {
          "name": "Upload Resume",
          "request": {
            "method": "POST",
            "header": [],
            "body": {
              "mode": "formdata",
              "formdata": [
                {
                  "key": "resume",
                  "type": "file",
                  "src": "/path/to/resume.pdf",
                  "description": "Resume file"
                }
              ]
            },
            "url": {
              "raw": "{{base_url}}/api/candidate-profile/{{candidate_uuid}}/resume",
              "host": ["{{base_url}}"],
              "path": ["api", "candidate-profile", "{{candidate_uuid}}", "resume"]
            },
            "description": "Upload resume for existing candidate (Max 10MB, PDF/DOC/DOCX)"
          },
          "response": []
        },
        {
          "name": "Download Profile Photo",
          "request": {
            "method": "GET",
            "header": [],
            "url": {
              "raw": "{{base_url}}/api/candidate-profile/{{candidate_uuid}}/photo",
              "host": ["{{base_url}}"],
              "path": ["api", "candidate-profile", "{{candidate_uuid}}", "photo"]
            },
            "description": "Download profile photo"
          },
          "response": []
        },
        {
          "name": "Download Resume",
          "request": {
            "method": "GET",
            "header": [],
            "url": {
              "raw": "{{base_url}}/api/candidate-profile/{{candidate_uuid}}/resume",
              "host": ["{{base_url}}"],
              "path": ["api", "candidate-profile", "{{candidate_uuid}}", "resume"]
            },
            "description": "Download resume"
          },
          "response": []
        }
      ]
    },
    {
      "name": "4. Resume Alias Routes",
      "item": [
        {
          "name": "Create Resume (Same as Profile)",
          "request": {
            "method": "POST",
            "header": [
              {
                "key": "Content-Type",
                "value": "application/json"
              }
            ],
            "body": {
              "mode": "raw",
              "raw": "{\n  \"firstName\": \"Amit\",\n  \"surName\": \"Patel\",\n  \"email\": \"amit.patel@example.com\",\n  \"phone\": \"+919876543212\",\n  \"workType\": \"experienced\"\n}"
            },
            "url": {
              "raw": "{{base_url}}/api/resume",
              "host": ["{{base_url}}"],
              "path": ["api", "resume"]
            },
            "description": "Alias for POST /api/candidate-profile - Frontend compatibility"
          },
          "response": []
        },
        {
          "name": "Get All Resumes",
          "request": {
            "method": "GET",
            "header": [],
            "url": {
              "raw": "{{base_url}}/api/resume?page=1&limit=10",
              "host": ["{{base_url}}"],
              "path": ["api", "resume"],
              "query": [
                {
                  "key": "page",
                  "value": "1"
                },
                {
                  "key": "limit",
                  "value": "10"
                }
              ]
            },
            "description": "Alias for GET /api/candidate-profile"
          },
          "response": []
        },
        {
          "name": "Get Resume by UUID",
          "request": {
            "method": "GET",
            "header": [],
            "url": {
              "raw": "{{base_url}}/api/resume/{{candidate_uuid}}",
              "host": ["{{base_url}}"],
              "path": ["api", "resume", "{{candidate_uuid}}"]
            },
            "description": "Alias for GET /api/candidate-profile/:id"
          },
          "response": []
        }
      ]
    },
    {
      "name": "5. Lookup APIs",
      "item": [
        {
          "name": "Get All Countries",
          "request": {
            "method": "GET",
            "header": [],
            "url": {
              "raw": "{{base_url}}/api/lookup/countries",
              "host": ["{{base_url}}"],
              "path": ["api", "lookup", "countries"]
            },
            "description": "Get all countries"
          },
          "response": []
        },
        {
          "name": "Get States by Country",
          "request": {
            "method": "GET",
            "header": [],
            "url": {
              "raw": "{{base_url}}/api/lookup/states/1",
              "host": ["{{base_url}}"],
              "path": ["api", "lookup", "states", "1"]
            },
            "description": "Get all states for a country (use country_id = 1 for India)"
          },
          "response": []
        },
        {
          "name": "Get Cities by State",
          "request": {
            "method": "GET",
            "header": [],
            "url": {
              "raw": "{{base_url}}/api/lookup/cities/1",
              "host": ["{{base_url}}"],
              "path": ["api", "lookup", "cities", "1"]
            },
            "description": "Get all cities for a state"
          },
          "response": []
        },
        {
          "name": "Get All Job Functions",
          "request": {
            "method": "GET",
            "header": [],
            "url": {
              "raw": "{{base_url}}/api/lookup/job-functions",
              "host": ["{{base_url}}"],
              "path": ["api", "lookup", "job-functions"]
            },
            "description": "Get all available job functions/categories"
          },
          "response": []
        }
      ]
    },
    {
      "name": "6. Health & System",
      "item": [
        {
          "name": "Health Check",
          "request": {
            "method": "GET",
            "header": [],
            "url": {
              "raw": "{{base_url}}/api/health",
              "host": ["{{base_url}}"],
              "path": ["api", "health"]
            },
            "description": "Check if API is running"
          },
          "response": []
        }
      ]
    }
  ]
}
